{
    "accuracy": 0.9833529046073082,
    "f1_score": 0.9835348773655804,
    "recall": 0.9798529812142662,
    "precision": 0.9872445480729667
}